Emotion,Precision,Recall,F1
anger,0.9989297181591152,1.0,0.9994645725504194
disgust,0.9751748251748251,0.9960714285714286,0.9855123674911661
fear,0.9555403556771546,0.9978571428571429,0.976240391334731
happy,0.9696546913149634,0.9928571428571429,0.9811187577201341
neutral,0.9938539407086044,0.9817857142857143,0.9877829680201222
sad,0.9921671018276762,0.95,0.9706257982120051
sarcastic,0.9925177702955481,0.9475,0.9694865704366892
surprise,0.9886765746638358,0.9978571428571429,0.9932456452186278
